Project Title,recordedBy,associatedCollectors,eventDate,recordNumber,scientificName,identifiedBy,dateIdentified,Tissue Collected,Tissue Relationship,associatedTaxa,habit,lifeCycleHabit,graminoidHabit,host,flowerColor,heightInCentimeters,additionalDescription,reproductiveCondition,Frequency,additionalCollectorNotes,cultivationStatus,Site Name,Landowner,Element Occurrence ID,country,stateProvince,county,locality,decimalLatitude,decimalLongitude,geodeticDatum,verbatimCoordinates,verbatimElevation,minimumElevationInMeters,habitatType,microHabitat,land use/disturbance,slope,aspect,soil,substrate,terrain,additional habitat descriptions,iNaturalist ID,ProcessingStatus,Permit,labelProject,duplicationQuantity
Name of project specimens collected under,Collector,separated by  ;,,Collector Number,,,,y / n,Same Individual or Same Population,"latin binomials only separted by ,","forb, grass, woody, shrub, etc","annual, biennial, perennial","rhizomatous, cespitose",scientific name of host species,,,format = trait: value; trait: value;,Phenology: flower and fruit; flower; fruit; seed cone; pollen cone; pollen and seed cone; spore; vegetative; reproductive bud; flower and bud; vegetative bud,"abundant, common, frequent, occasional, rare",notes from the collector about the specimen,"enter ""1"" if grown in garden",,,,,,"name only, do not include ""County""",detailed description of exact location,positive in northern hemisphere,negative in western hemisphere,WGS84,if you use some other type of geographic coordinates,elevation in feet,elevation in meters,"list all that apply, separted by ,  include associated taxa if common names",description of area immediately around specimen,"list all that apply, separted by ,",slope in degrees,cardinal direction slope is facing,"soil type, texture, moisture, etc","geological details, what is the plant growing out of","list all that apply, separted by ;",,number from end of iNat URL,Unprocessed/NLP,use permit file name from Teams,YYYY_FirstInitialLastName_ProjectTitle/Site,Number of labels
Public Gardens as Sentinels against Invasive Plants,Christina Alba,Jen Toews,5/21/2021,2565,Tussilago farfara,Mike Kintgen,,Y,Same Population,,,,,,,,,,Abundant,Rhizomatous.,1,"Rock Alpine Garden, Limestone Cliffs",Denver Botanic Gardens,,United States of America,Colorado,Denver,"Denver Botanic Gardens. 909 York Street. Rock Alpine Garden, Limestone Cliffs.",39.732207,-104.961468,WGS84,,,1643,managed garden,,,,,,,,,123456789,,DenverBotanicGardens_YorkSt_Permit_2021,2024_Calba_PGSIP,
Public Gardens as Sentinels against Invasive Plants,Christina Alba,Jen Toews,5/21/2021,2566,Iris lactea,Mike Kintgen,,Y,Same Population,,,,,,Light purple and white,,,,Frequent,Rhizomatous.,1,"Rock Alpine Garden, Lower Meadow",Denver Botanic Gardens,,United States of America,Colorado,Denver,"Denver Botanic Gardens. 909 York Street. Rock Alpine Garden, Lower Meadow.",39.732207,-104.961468,WGS84,,,1643,managed garden,,,,,,,,,123456781,,DenverBotanicGardens_YorkSt_Permit_2021,2024_Calba_PGSIP,
Public Gardens as Sentinels against Invasive Plants,Christina Alba,Jen Toews,5/21/2021,2567,Vincetoxicum nigrum,Mike Kintgen,,Y,Same Population,,,,,,Deep wine,,,,Rare,Rhizomatous.,1,"Rock Alpine Garden, Woodland Garden.",Denver Botanic Gardens,,United States of America,Colorado,Denver,"Denver Botanic Gardens. 909 York Street. Rock Alpine Garden, Woodland Garden.",39.732207,-104.961468,WGS84,,,1643,managed garden,,,,,,,,,123456773,,DenverBotanicGardens_YorkSt_Permit_2021,2024_Calba_PGSIP,
Public Gardens as Sentinels against Invasive Plants,Christina Alba,Jen Toews,5/21/2021,2568,Vicia sp.,Mike Kintgen,,Y,Same Individual,,,,,,,,,,Rare,,1,"Rock Alpine Garden, Woodland Garden.",Denver Botanic Gardens,,United States of America,Colorado,Denver,"Denver Botanic Gardens. 909 York Street. Rock Alpine Garden, Woodland Garden.",39.732207,-104.961468,WGS84,,,1643,managed garden,,,,,,,,,123456765,,DenverBotanicGardens_YorkSt_Permit_2021,2024_Calba_PGSIP,
Public Gardens as Sentinels against Invasive Plants,Christina Alba,Jen Toews,5/21/2021,2569,Ajuga chamaepitys,Mike Kintgen,,Y,Same Individual,,,,,,,,,,Occasional,,1,"Rock Alpine Garden, Alpine House South",Denver Botanic Gardens,,United States of America,Colorado,Denver,"Denver Botanic Gardens. 909 York Street. Rock Alpine Garden, Alpine House South.",39.732207,-104.961468,WGS84,,,1643,managed garden,,,,,,,,,123456757,,DenverBotanicGardens_YorkSt_Permit_2021,2024_Calba_PGSIP,
Public Gardens as Sentinels against Invasive Plants,Christina Alba,Jen Toews,5/21/2021,2570,Anthriscus sylvestris,Mike Kintgen,,Y,Same Individual,,,,,,,,,,,,1,"Rock Alpine Garden, Cheesman Border",Denver Botanic Gardens,,United States of America,Colorado,Denver,"Denver Botanic Gardens. 909 York Street. Rock Alpine Garden, Cheesman Border.",39.732207,-104.961468,WGS84,,,1643,managed garden,,,,,,,,,123456749,,DenverBotanicGardens_YorkSt_Permit_2021,2024_Calba_PGSIP,
Public Gardens as Sentinels against Invasive Plants,Christina Alba,Jen Toews,5/21/2021,2571,Allium aflatunense,Mike Kintgen,,Y,Same Population,,,,,,,,,,,,1,"Rock Alpine Garden, Cheesman Border",Denver Botanic Gardens,,United States of America,Colorado,Denver,"Denver Botanic Gardens. 909 York Street. Rock Alpine Garden, Cheesman Border.",39.732207,-104.961468,WGS84,,,1643,managed garden,,,,,,,,,123456741,,DenverBotanicGardens_YorkSt_Permit_2021,2024_Calba_PGSIP,
Public Gardens as Sentinels against Invasive Plants,Christina Alba,Jen Toews,5/21/2021,2572,Fibigia eriocarpa,Mike Kintgen,,Y,Same Individual,,,,,,,,,,Frequent,,1,"Rock Alpine Garden, South Ledge",Denver Botanic Gardens,,United States of America,Colorado,Denver,"Denver Botanic Gardens. 909 York Street. Rock Alpine Garden, South Ledge.",39.732207,-104.961468,WGS84,,,1643,managed garden,,,,,,,,,123456733,,DenverBotanicGardens_YorkSt_Permit_2021,2024_Calba_PGSIP,
Public Gardens as Sentinels against Invasive Plants,Christina Alba,Jen Toews; Mike Kintgen,6/3/2021,2610,Fumaria vaillantii,Mike Kintgen,,Y,Same Individual,,,,,,,,,,Frequent,Growing in a shady location under Cupressus arizonica.,1,Dryland Mesa,Denver Botanic Gardens,,United States of America,Colorado,Denver,Denver Botanic Gardens. 909 York Street. Dryland Mesa.,39.732207,-104.961468,WGS84,,,1643,managed garden,,,,,,,,,123456725,,DenverBotanicGardens_YorkSt_Permit_2021,2024_Calba_PGSIP,
Public Gardens as Sentinels against Invasive Plants,Christina Alba,Jen Toews; Mike Kintgen,6/3/2021,2611,Allium christophii,Mike Kintgen,,Y,Same Individual,,,,,,,,,,Frequent,,1,"Rock Alpine Garden, Pumice Ridge",Denver Botanic Gardens,,United States of America,Colorado,Denver,"Denver Botanic Gardens. 909 York Street. Rock Alpine Garden, Pumice Ridge.",39.732207,-104.961468,WGS84,,,1643,managed garden,,,,,,,,,123456717,,DenverBotanicGardens_YorkSt_Permit_2021,2024_Calba_PGSIP,
Public Gardens as Sentinels against Invasive Plants,Christina Alba,Jen Toews; Mike Kintgen,6/3/2021,2612,Asparagus verticillatus,Mike Kintgen,,Y,Same Individual,,,,,,,,,,Frequent,Profuse stand in high shade environment.,1,,Denver Botanic Gardens,,United States of America,Colorado,Denver,Denver Botanic Gardens. 909 York Street..,39.732207,-104.961468,WGS84,,,1643,managed garden,,,,,,,,,123456709,,DenverBotanicGardens_YorkSt_Permit_2021,2024_Calba_PGSIP,
Public Gardens as Sentinels against Invasive Plants,Christina Alba,Jen Toews; Mike Kintgen,6/3/2021,2613,Knautia arvensis,Mike Kintgen,,Y,Same Individual,,,,,,,,,,Frequent,,1,"Rock Alpine Garden, Lower Meadow",Denver Botanic Gardens,,United States of America,Colorado,Denver,"Denver Botanic Gardens. 909 York Street. Rock Alpine Garden, Lower Meadow.",39.732207,-104.961468,WGS84,,,1643,managed garden,,,,,,,,,123456701,,DenverBotanicGardens_YorkSt_Permit_2021,2024_Calba_PGSIP,
Public Gardens as Sentinels against Invasive Plants,Christina Alba,Jen Toews; Mike Kintgen,6/3/2021,2614,Bromus benekenii,Mike Kintgen,,Y,Same Individual,,,,,,,,,,Frequent,,1,York Street grounds,Denver Botanic Gardens,,United States of America,Colorado,Denver,Denver Botanic Gardens. 909 York Street. York Street grounds.,39.732207,-104.961468,WGS84,,,1643,managed garden,,,,,,,,,123456693,,DenverBotanicGardens_YorkSt_Permit_2021,2024_Calba_PGSIP,
Public Gardens as Sentinels against Invasive Plants,Christina Alba,Jen Toews; Mike Kintgen,6/3/2021,2615,Euonymous europaeus 'Aldenhamensis',Mike Kintgen,,Y,Same Individual,,,,,,,,,,Rare,,1,"Woodland Mosaic, Bed 10",Denver Botanic Gardens,,United States of America,Colorado,Denver,"Denver Botanic Gardens. 909 York Street. Woodland Mosaic, Bed 10.",39.732207,-104.961468,WGS84,,,1643,managed garden,,,,,,,,,123456685,,DenverBotanicGardens_YorkSt_Permit_2021,2024_Calba_PGSIP,
Public Gardens as Sentinels against Invasive Plants,Christina Alba,Jen Toews,6/17/2021,2617,Colutea arborescens,Mike Kintgen,,Y,Same Individual,,,,,,,,,,Occasional,,1,"Rock Alpine Garden, South Ledge",Denver Botanic Gardens,,United States of America,Colorado,Denver,"Denver Botanic Gardens. 909 York Street. Rock Alpine Garden, South Ledge.",39.732207,-104.961468,WGS84,,,1643,managed garden,,,,,,,,,123456677,,DenverBotanicGardens_YorkSt_Permit_2021,2024_Calba_PGSIP,
Public Gardens as Sentinels against Invasive Plants,Christina Alba,Jen Toews,6/17/2021,2618,Colutea x media,Mike Kintgen,,Y,Same Individual,,,,,,,,,,Occasional,,1,"Rock Alpine Garden, South Ledge/SAB: South African Border",Denver Botanic Gardens,,United States of America,Colorado,Denver,"Denver Botanic Gardens. 909 York Street. Rock Alpine Garden, South Ledge/SAB: South African Border.",39.732207,-104.961468,WGS84,,,1643,managed garden,,,,,,,,,123456669,,DenverBotanicGardens_YorkSt_Permit_2021,2024_Calba_PGSIP,
Public Gardens as Sentinels against Invasive Plants,Christina Alba,Jen Toews,6/17/2021,2619,Knautia macedonia,Mike Kintgen,,Y,Same Individual,,,,,,,,,,,Seeds excessively and can be difficult to remove due to traproot; resrpouts from root if less than 50% of root is removed. Large seed bank in the soil. Took several seasons to remove from Rock Alpine and still not fully gone as of 2020. Seems to develop some herbicide resistance if not killed by first spraying. As of 2020 there is a chemically resistant population in the Rock Garden. Mike Kintgen put this on internal list in 2014 and still feels it has merit in 2020. Has been treated since 2006. Over 10 years of treatment at DBG. Seed.,1,"Rock Alpine Garden, Lower Meadow",Denver Botanic Gardens,,United States of America,Colorado,Denver,"Denver Botanic Gardens. 909 York Street. Rock Alpine Garden, Lower Meadow.",39.732207,-104.961468,WGS84,,,1643,managed garden,,,,,,,,,123456661,,DenverBotanicGardens_YorkSt_Permit_2021,2024_Calba_PGSIP,
Public Gardens as Sentinels against Invasive Plants,Christina Alba,Jen Toews,6/17/2021,2620,Clematis brevicaudata,Mike Kintgen,,Y,Same Individual,,,,,,,,,,Occasional,"Seed collected on September 1, 2021",1,"Rock Alpine Garden, Boulder Field",Denver Botanic Gardens,,United States of America,Colorado,Denver,"Denver Botanic Gardens. 909 York Street. Rock Alpine Garden, Boulder Field.",39.732207,-104.961468,WGS84,,,1643,managed garden,,,,,,,,,123456653,,DenverBotanicGardens_YorkSt_Permit_2021,2024_Calba_PGSIP,
Public Gardens as Sentinels against Invasive Plants,Margo Yousse,Cree Moo; Jen Toews,6/30/2021,179,Allium sphaerocephalum,Mike Kintgen,,N,,,,,,,,,,,,Seeds profusely in garden setting. Very difficult to dig/remove due to small bulblets that multiply. Spread predominantly vegetative.,1,"Water Smart Garden, Ext Bed 3",Denver Botanic Gardens,,United States of America,Colorado,Denver,"Denver Botanic Gardens. 909 York Street. Water Smart Garden, Ext Bed 3.",39.732207,-104.961468,WGS84,,,1643,managed garden,,,,,,,,,123456645,,DenverBotanicGardens_YorkSt_Permit_2021,2024_Calba_PGSIP,
Public Gardens as Sentinels against Invasive Plants,Margo Yousse,Cree Moo; Jen Toews,6/30/2021,180,Allium caeruleum,Mike Kintgen,,N,,,,,,,,,,,,Bulblets produced underground from larger bulb and aerial bulblets present around flowers. There is also a sterile flower form that does not produce the bulblets. Spreads aggressively. Spread by seed and vegetatively. ,1,"Lobby Entrance, Ramp Bed",Denver Botanic Gardens,,United States of America,Colorado,Denver,"Denver Botanic Gardens. 909 York Street. Lobby Entrance, Ramp Bed.",39.732207,-104.961468,WGS84,,,1643,managed garden,,,,,,,,,123456637,,DenverBotanicGardens_YorkSt_Permit_2021,2024_Calba_PGSIP,
Public Gardens as Sentinels against Invasive Plants,Margo Yousse,Cree Moo; Jen Toews,6/30/2021,181,Salvia pratensis,Mike Kintgen,,N,,,,,,,,,,,,Uncommon weed found in fields and gardens in Denver and Boulder Counties (Ackerfield 2015). Reseeds heavily in the Rock Alpine Garden. Removed in 2006 and still persists in 2021. Spread by seed.,1,Rock Alpine Garden,Denver Botanic Gardens,,United States of America,Colorado,Denver,Denver Botanic Gardens. 909 York Street. Rock Alpine Garden.,39.732207,-104.961468,WGS84,,,1643,managed garden,,,,,,,,,123456629,,DenverBotanicGardens_YorkSt_Permit_2021,2024_Calba_PGSIP,
Public Gardens as Sentinels against Invasive Plants,Margo Yousse,Cree Moo; Jen Toews,6/30/2021,182,Ononis cf. spinosa,Mike Kintgen,,N,,,,,,,,,,,,"Strong, deep taproot makes removal difficult. Can resprout from roots. Cutting and spraying since 2010 has failed to eradicate as of 2021. Predominantly spreads by seed but can send runners that form small colonies. ",1,Rock Alpine Garden Upper Meadow,Denver Botanic Gardens,,United States of America,Colorado,Denver,Denver Botanic Gardens. 909 York Street. Rock Alpine Garden Upper Meadow.,39.732207,-104.961468,WGS84,,,1643,managed garden,,,,,,,,,123456621,,DenverBotanicGardens_YorkSt_Permit_2021,2024_Calba_PGSIP,
Public Gardens as Sentinels against Invasive Plants,Christina Alba,Jen Toews,7/27/2021,2753,Stipa barbata,Dan Johnson,,N,,,,,,,,,,,Occasional,,1,Water Smart Garden,Denver Botanic Gardens,,United States of America,Colorado,Denver,Denver Botanic Gardens. 909 York Street. Water Smart Garden.,39.732207,-104.961468,WGS84,,,1643,managed garden,,,,,,,,,123456613,,DenverBotanicGardens_YorkSt_Permit_2021,2024_Calba_PGSIP,
Public Gardens as Sentinels against Invasive Plants,Christina Alba,Jen Toews,7/27/2021,2754,Viburnum lantana,Mike Kintgen,,N,,,,,,,,,,,Rare,"Observed naturalizing along the High Line Canal and Cherry Creek in Denver County. Seedlings mildly resistant to 2,4-D in a garden setting. Reseeds heavily.",1,Woodland Mosaic Bed 9,Denver Botanic Gardens,,United States of America,Colorado,Denver,Denver Botanic Gardens. 909 York Street. Woodland Mosaic Bed 9.,39.732207,-104.961468,WGS84,,,1643,managed garden,,,,,,,,,123456605,,DenverBotanicGardens_YorkSt_Permit_2021,2024_Calba_PGSIP,
Public Gardens as Sentinels against Invasive Plants,Christina Alba,Jen Toews,7/27/2021,2755,Bromus benekenii,Mike Kintgen,,N,,,,,,,,,,,Frequent,"Management by spraying, deadheading, and hand-digging from 2006 to 2021 has not successfully controlled this species in the Rock Alpine Garden. Also present in the Woodland Mosaic and Plant Asia Gardens. Removed from Plant Select due to its potential invasiveness. Reseeds heavily into established vegetation. Not rhizomatous.",1,Woodland Mosaic Bed 7,Denver Botanic Gardens,,United States of America,Colorado,Denver,Denver Botanic Gardens. 909 York Street. Woodland Mosaic Bed 7.,39.732207,-104.961468,WGS84,,,1643,managed garden,,,,,,,,,123456597,,DenverBotanicGardens_YorkSt_Permit_2021,2024_Calba_PGSIP,
Public Gardens as Sentinels against Invasive Plants,Christina Alba,Jen Toews,7/27/2021,2756,Nassella tenuissima,Mike Kintgen,,N,,,,,,,,,,,Frequent,"Curator of the Rock Alpine Garden (Mike Kingten) feels this species has the potential to be invasive. A planting in Northern Colorado at the events center has not persisted or spread, however observations of reseeding (by Nick Courtens, Betty Ford Alpine Gardens) have been made in Vail, Colorado. Whether cold-hardiness is limiting is therefore uncertain. Most plants were successfully removed from the Rock Alpine Garden by digging. Appears as a seedling occasionally. Can heavily reseed.",1,"Rock Alpine Garden, South Ledge/SAB: South African Border",Denver Botanic Gardens,,United States of America,Colorado,Denver,"Denver Botanic Gardens. 909 York Street. Rock Alpine Garden, South Ledge/SAB: South African Border.",39.732207,-104.961468,WGS84,,,1643,managed garden,,,,,,,,,123456589,,DenverBotanicGardens_YorkSt_Permit_2021,2024_Calba_PGSIP,
Public Gardens as Sentinels against Invasive Plants,Christina Alba,Jen Toews,7/27/2021,2757,Salvia nemorosa [East Friesland] 'Ostfriesland',Mike Kintgen,,N,,,,,,,,,,,Rare,,1,Rock Alpine Garden Woodland Crevice,Denver Botanic Gardens,,United States of America,Colorado,Denver,Denver Botanic Gardens. 909 York Street. Rock Alpine Garden Woodland Crevice.,39.732207,-104.961468,WGS84,,,1643,managed garden,,,,,,,,,123456581,,DenverBotanicGardens_YorkSt_Permit_2021,2024_Calba_PGSIP,
Public Gardens as Sentinels against Invasive Plants,Christina Alba,Jen Toews,7/27/2021,2758,Digitalis lantana,Mike Kintgen,,N,,,,,,,,,,,Occasional,On the Minnesota noxious weed list. Has been reseeding very heavily in the Rock Garden. Has exhibited the lag time that some taxa express in that for 20-30 years it was well-behaved. Spreads by seed.,1,Rock Alpine Garden Boulder Field,Denver Botanic Gardens,,United States of America,Colorado,Denver,Denver Botanic Gardens. 909 York Street. Rock Alpine Garden Boulder Field.,39.732207,-104.961468,WGS84,,,1643,managed garden,,,,,,,,,123456573,,DenverBotanicGardens_YorkSt_Permit_2021,2024_Calba_PGSIP,
Public Gardens as Sentinels against Invasive Plants,Christina Alba,Jen Toews,7/27/2021,2759,Cotoneaster lucidus,Mike Kintgen,,N,,,,,,,,,,,Rare,,1,Japanese Garden Section C,Denver Botanic Gardens,,United States of America,Colorado,Denver,Denver Botanic Gardens. 909 York Street. Japanese Garden Section C.,39.732207,-104.961468,WGS84,,,1643,managed garden,,,,,,,,,123456565,,DenverBotanicGardens_YorkSt_Permit_2021,2024_Calba_PGSIP,
Public Gardens as Sentinels against Invasive Plants,Christina Alba,Jen Toews,7/27/2021,2760,Campanula rapunculoides,Mike Kintgen,,N,,,,,,,,,,,Occasional,,1,Shady Lane,Denver Botanic Gardens,,United States of America,Colorado,Denver,Denver Botanic Gardens. 909 York Street. Shady Lane.,39.732207,-104.961468,WGS84,,,1643,managed garden,,,,,,,,,123456557,,DenverBotanicGardens_YorkSt_Permit_2021,2024_Calba_PGSIP,
Public Gardens as Sentinels against Invasive Plants,Christina Alba,Jen Toews,8/17/2021,2763,Clematis brevicaudata,Mike Kintgen,,N,,,,,,,,,,,Rare,"Seed collected on September 1, 2021",1,"Rock Alpine Garden, South Wall",Denver Botanic Gardens,,United States of America,Colorado,Denver,"Denver Botanic Gardens. 909 York Street. Rock Alpine Garden, South Wall.",39.732207,-104.961468,WGS84,,,1643,managed garden,,,,,,,,,123456549,,DenverBotanicGardens_YorkSt_Permit_2021,2024_Calba_PGSIP,
Public Gardens as Sentinels against Invasive Plants,Christina Alba,Jen Toews,8/17/2021,2764,Saccharum ravennae,Mike Kintgen,,N,,,,,,,,,,,,"On the noxious weed list for several states. Curator of the Rock Alpine Garden (Mike Kintgen) feels this plant has the potential to be invasive based on his experience growing it in his gardens. Has been observed escaping along Colorado Blvd and I-25 in a drainage ditch and in parking lot at O'Tooles in Littleton, Colorado. Large populations recently documented at Rocky Ford State Wildlife Area in Otero County, Colorado. Spreads by seed.",1,"Water Smart Garden, Bed 6",Denver Botanic Gardens,,United States of America,Colorado,Denver,"Denver Botanic Gardens. 909 York Street. Water Smart Garden, Bed 6.",39.732207,-104.961468,WGS84,,,1643,managed garden,,,,,,,,,123456541,,DenverBotanicGardens_YorkSt_Permit_2021,2024_Calba_PGSIP,
Public Gardens as Sentinels against Invasive Plants,Jen Toews,,5/25/2022,1,Euphorbia cyparissias 'Fen's Ruby',Mike Kintgen,,Y,Same Individual  ,,,,,,,,,,Abundant  ,Living collection accession number: 032020*1,1,"Rock Alpine Garden, Moraine Mound",Denver Botanic Gardens,,United States of America,Colorado,Denver,"Denver Botanic Gardens. 909 York Street. Rock Alpine Garden, Moraine Mound.",39.732207,-104.961468,WGS84,,,1643,managed garden,,,,,,,,,123456533,,DenverBotanicGardens_YorkSt_Permit_2022,2024_Calba_PGSIP,
Public Gardens as Sentinels against Invasive Plants,Jen Toews,,5/25/2022,2,Papaver dubium,Mike Kintgen,,Y  ,Same Population,,,,,,,,,,Rare,Living collection accession number: 242011*1,1,"Rock Alpine Garden, Limestone Cliffs",Denver Botanic Gardens,,United States of America,Colorado,Denver,"Denver Botanic Gardens. 909 York Street. Rock Alpine Garden, Limestone Cliffs.",39.732207,-104.961468,WGS84,,,1643,managed garden,,,,,,,,,123456525,,DenverBotanicGardens_YorkSt_Permit_2022,2024_Calba_PGSIP,
Public Gardens as Sentinels against Invasive Plants,Jen Toews,Christina Alba,7/5/2022,26,Pseudognaphalium stramineum,Mike Bone,,Y,Same Individual,,,,,,,,,,Rare,Living collection accession number: 221855*1,1,"Steppe Garden, South African Summer",Denver Botanic Gardens,,United States of America,Colorado,Denver,"Denver Botanic Gardens. 909 York Street. Steppe Garden, South African Summer.",39.732207,-104.961468,WGS84,,,1643,managed garden,,,,,,,,,123456517,,DenverBotanicGardens_YorkSt_Permit_2022,2024_Calba_PGSIP,
Public Gardens as Sentinels against Invasive Plants,Christina Alba,Jen Toews,7/13/2022,,Corydalis heterocarpa,Mike Kintgen,,Y,,,,,,,,,,,,Living collection accession number: 221878*1,1,"Rock Alpine Garden, Cheesman Border",Denver Botanic Gardens,,United States of America,Colorado,Denver,"Denver Botanic Gardens. 909 York Street. Rock Alpine Garden, Cheesman Border.",39.732207,-104.961468,WGS84,,,1643,managed garden,,,,,,,,,123456509,,DenverBotanicGardens_YorkSt_Permit_2022,2024_Calba_PGSIP,
Public Gardens as Sentinels against Invasive Plants,Christina Alba,Jen Toews,7/13/2022,,Stachys californica,Mike Kintgen,,Y,,,,,,,,,,,,"Living collection accession number: 221877*1; Original accession 930803*1 in Rock Alpine Garden, Inter-Mountain Garden; Aggressive",1,"Rock Alpine Garden, Cheesman Border",Denver Botanic Gardens,,United States of America,Colorado,Denver,"Denver Botanic Gardens. 909 York Street. Rock Alpine Garden, Cheesman Border.",39.732207,-104.961468,WGS84,,,1643,managed garden,,,,,,,,,123456501,,DenverBotanicGardens_YorkSt_Permit_2022,2024_Calba_PGSIP,
Public Gardens as Sentinels against Invasive Plants,Christina Alba,Jen Toews,7/13/2022,,Vincetoxicum nigrum,Mike Kintgen,,Y,,,,,,,,,,,,Living collection accession number: 221813*1,1,"Rock Alpine Garden, Cheesman Border",Denver Botanic Gardens,,United States of America,Colorado,Denver,"Denver Botanic Gardens. 909 York Street. Rock Alpine Garden, Cheesman Border.",39.732207,-104.961468,WGS84,,,1643,managed garden,,,,,,,,,123456493,,DenverBotanicGardens_YorkSt_Permit_2022,2024_Calba_PGSIP,
Public Gardens as Sentinels against Invasive Plants,Jen Toews,,8/20/2022,27,Corydalis sp.,Mike Kintgen,,Y,Same Individual,,,,,,,,,,Rare,Living collection accession number: 222217*1,1,"Rock Alpine Garden, Montane Slope",Denver Botanic Gardens,,United States of America,Colorado,Denver,"Denver Botanic Gardens. 909 York Street. Rock Alpine Garden, Montane Slope.",39.732207,-104.961468,WGS84,,,1643,managed garden,,,,,,,,,123456485,,DenverBotanicGardens_YorkSt_Permit_2022,2024_Calba_PGSIP,
Public Gardens as Sentinels against Invasive Plants,Jen Toews,,8/20/2022,28,Pseudo-fumaria lutea,Mike Kintgen,,Y,Same Individual,,,,,,,,,,Frequent,Living collection accession number: 191959*1,1,"Rock Alpine Garden, Forest Garden",Denver Botanic Gardens,,United States of America,Colorado,Denver,"Denver Botanic Gardens. 909 York Street. Rock Alpine Garden, Forest Garden.",39.732207,-104.961468,WGS84,,,1643,managed garden,,,,,,,,,123456477,,DenverBotanicGardens_YorkSt_Permit_2022,2024_Calba_PGSIP,
Public Gardens as Sentinels against Invasive Plants,Sarah Luper,Jen Toews; Christina Alba,5/31/2023,SCL01,Chamaecytisus ratbonensis,Mike Kintgen,5/31/2023,y,Same Individual,,,,,,,,,,rare,,1,Rock Alpine Garden; GRAGSL.,Denver Botanic Gardens,,United States of America,Colorado,Denver,Denver Botanic Gardens. 909 York Street. Rock Alpine Garden; GRAGSL.,39.732207,-104.961468,WGS84,,,1643,managed garden,,,,,,,,,123456469,,DenverBotanicGardens_YorkSt_Permit_2023,2024_Calba_PGSIP,
Public Gardens as Sentinels against Invasive Plants,Sarah Luper,Jen Toews; Christina Alba,5/31/2023,SCL02,Alkana graeca,Mike Kintgen,5/31/2023,y,Same Individual,,,,,,,,,,occasional,glandular hairs present; sticky,1,Rock Alpine Garden; GRAGUM.,Denver Botanic Gardens,,United States of America,Colorado,Denver,Denver Botanic Gardens. 909 York Street. Rock Alpine Garden; GRAGUM.,39.732207,-104.961468,WGS84,,,1643,managed garden,,,,,,,,,123456461,,DenverBotanicGardens_YorkSt_Permit_2023,2024_Calba_PGSIP,
Public Gardens as Sentinels against Invasive Plants,Sarah Luper,Jen Toews; Christina Alba,5/31/2023,SCL03,Rosa sp.,Mike Kintgen,5/31/2023,y,Same Individual,,,,,,,,,,rare,,1,Rock Alpine Garden; GRAGMM.,Denver Botanic Gardens,,United States of America,Colorado,Denver,Denver Botanic Gardens. 909 York Street. Rock Alpine Garden; GRAGMM.,39.732207,-104.961468,WGS84,,,1643,managed garden,,,,,,,,,123456453,,DenverBotanicGardens_YorkSt_Permit_2023,2024_Calba_PGSIP,
Public Gardens as Sentinels against Invasive Plants,Sarah Luper,Jen Toews,6/6/2023,SCL04,Rosa glauca,Mike Kintgen,6/6/2023,y,Same Individual,,,,,,,,,,rare,,1,Shady Lane; GSHLS4.,Denver Botanic Gardens,,United States of America,Colorado,Denver,Denver Botanic Gardens. 909 York Street. Shady Lane; GSHLS4.,39.732207,-104.961468,WGS84,,,1643,managed garden,,,,,,,,,123456445,,DenverBotanicGardens_YorkSt_Permit_2023,2024_Calba_PGSIP,
Public Gardens as Sentinels against Invasive Plants,Sarah Luper,,6/14/2023,SCL05,Hieracium cf. auriantirum,Mike Kintgen,6/14/2023,y ,Same Individual,,,,,,,,,,frequent,CDA list A noxious weed if identified as H. aurianticum,1,Shady Lane; GSHLN3.,Denver Botanic Gardens,,United States of America,Colorado,Denver,Denver Botanic Gardens. 909 York Street. Shady Lane; GSHLN3.,39.732207,-104.961468,WGS84,,,1643,managed garden,,,,,,,,,123456437,,DenverBotanicGardens_YorkSt_Permit_2023,2024_Calba_PGSIP,
Public Gardens as Sentinels against Invasive Plants,Sarah Luper,,6/14/2023,SCL06,Melica atropurprea,Mike Kintgen,6/14/2023,y,Same Individual,,,,,,,,,,frequent,,1,Rock Alpine Garden; GRAGSL.,Denver Botanic Gardens,,United States of America,Colorado,Denver,Denver Botanic Gardens. 909 York Street. Rock Alpine Garden; GRAGSL.,39.732207,-104.961468,WGS84,,,1643,managed garden,,,,,,,,,123456429,,DenverBotanicGardens_YorkSt_Permit_2023,2024_Calba_PGSIP,
Public Gardens as Sentinels against Invasive Plants,Sarah Luper,,6/14/2023,SCL07,Rosa rubiginosa,Mike Kintgen,6/14/2023,y ,Same Individual,,,,,,,,,,rare,,1,Romantic Garden; GROMFRAG01.,Denver Botanic Gardens,,United States of America,Colorado,Denver,Denver Botanic Gardens. 909 York Street. Romantic Garden; GROMFRAG01.,39.732207,-104.961468,WGS84,,,1643,managed garden,,,,,,,,,123456421,,DenverBotanicGardens_YorkSt_Permit_2023,2024_Calba_PGSIP,
Public Gardens as Sentinels against Invasive Plants,Sarah Luper,Jen Toews,6/21/2023,SCL08,Geranium sp. ,Loddie Dolinski,6/21/2023,y,Same Individual,,,,,,,,,,occasional,"Stems/leaves hairy top and bottom, 5 lobed leaf",1,Romantic Garden; GROMFRAGW.,Denver Botanic Gardens,,United States of America,Colorado,Denver,Denver Botanic Gardens. 909 York Street. Romantic Garden; GROMFRAGW.,39.732207,-104.961468,WGS84,,,1643,managed garden,,,,,,,,,123456413,,DenverBotanicGardens_YorkSt_Permit_2023,2024_Calba_PGSIP,
Public Gardens as Sentinels against Invasive Plants,Sarah Luper,Jen Toews,6/21/2023,SCL09,Erigeron cf. speciosus ,Loddie Dolinski,6/21/2023,y,Same Individual,,,,,,,,,,rare,"leaves near ground have hair, acending leaves are smoother, rayless form",1,Romantic Garden; GROM.,Denver Botanic Gardens,,United States of America,Colorado,Denver,Denver Botanic Gardens. 909 York Street. Romantic Garden; GROM.,39.732207,-104.961468,WGS84,,,1643,managed garden,,,,,,,,,123456405,,DenverBotanicGardens_YorkSt_Permit_2023,2024_Calba_PGSIP,
Public Gardens as Sentinels against Invasive Plants,Sarah Luper,Jen Toews,6/21/2023,SCL10,Linaria supina,Mike Kintgen,6/21/2023,y,Same Individual,,,,,,,,,,occasional,Yellow flowered- form,1,Rock Alpine Garden; GRAGMM.,Denver Botanic Gardens,,United States of America,Colorado,Denver,Denver Botanic Gardens. 909 York Street. Rock Alpine Garden; GRAGMM.,39.732207,-104.961468,WGS84,,,1643,managed garden,,,,,,,,,123456397,,DenverBotanicGardens_YorkSt_Permit_2023,2024_Calba_PGSIP,
Public Gardens as Sentinels against Invasive Plants,Sarah Luper,Jen Toews,6/21/2023,SCL11,Linaria supina,Mike Kintgen,6/21/2023,y,Same Individual,,,,,,,,,,rare,"Orange flowered-form, volunteer says its ""everywhere""",1,Rock Alpine Garden; GRAGWGC.,Denver Botanic Gardens,,United States of America,Colorado,Denver,Denver Botanic Gardens. 909 York Street. Rock Alpine Garden; GRAGWGC.,39.732207,-104.961468,WGS84,,,1643,managed garden,,,,,,,,,123456389,,DenverBotanicGardens_YorkSt_Permit_2023,2024_Calba_PGSIP,
Public Gardens as Sentinels against Invasive Plants,Sarah Luper,Jen Toews,6/21/2023,SCL12,Geranium carolinanam,Mike Kintgen,6/21/2023,y,Same Individual,,,,,,,,,,rare,"small pink flowers, fuzzy hairs on top and bottom of leaves",1,Rock Alpine Garden; GRAGMG.,Denver Botanic Gardens,,United States of America,Colorado,Denver,Denver Botanic Gardens. 909 York Street. Rock Alpine Garden; GRAGMG.,39.732207,-104.961468,WGS84,,,1643,managed garden,,,,,,,,,123456381,,DenverBotanicGardens_YorkSt_Permit_2023,2024_Calba_PGSIP,
Public Gardens as Sentinels against Invasive Plants,Sarah Luper,Jen Toews,6/21/2023,SCL13,Stipa joannis,Mike Kintgen,6/21/2023,y,Same Individual,,,,,,,,,,occasional,grass,1,Rock Alpine Garden; GRAGSL.,Denver Botanic Gardens,,United States of America,Colorado,Denver,Denver Botanic Gardens. 909 York Street. Rock Alpine Garden; GRAGSL.,39.732207,-104.961468,WGS84,,,1643,managed garden,,,,,,,,,123456373,,DenverBotanicGardens_YorkSt_Permit_2023,2024_Calba_PGSIP,
Public Gardens as Sentinels against Invasive Plants,Sarah Luper,Jen Toews,6/21/2023,SCL14,Echium vulgare,Mike Kintgen,6/21/2023,y,Same Individual,,,,,,,,,,rare,,1,Rock Alpine Garden; GRAGUM.,Denver Botanic Gardens,,United States of America,Colorado,Denver,Denver Botanic Gardens. 909 York Street. Rock Alpine Garden; GRAGUM.,39.732207,-104.961468,WGS84,,,1643,managed garden,,,,,,,,,123456365,,DenverBotanicGardens_YorkSt_Permit_2023,2024_Calba_PGSIP,
Public Gardens as Sentinels against Invasive Plants,Sarah Luper,Chrissy Alba,6/23/2023,SCL15,Potentilla indica,Mike Kintgen,6/23/2023,y,Same Population,,,,,,,,,,rare,all from one clone,1,Lilac Garden; GLLGEAST.,Denver Botanic Gardens,,United States of America,Colorado,Denver,Denver Botanic Gardens. 909 York Street. Lilac Garden; GLLGEAST.,39.732207,-104.961468,WGS84,,,1643,managed garden,,,,,,,,,123456357,,DenverBotanicGardens_YorkSt_Permit_2023,2024_Calba_PGSIP,
Public Gardens as Sentinels against Invasive Plants,Sarah Luper,Chrissy Alba,6/23/2023,SCL16,Melica ciliata,Mike Kintgen,6/23/2023,y,Same Population,,,,,,,,,,common,bunch growing vs. rhizomatous?,1,Lilac Garden; GLLGEAST.,Denver Botanic Gardens,,United States of America,Colorado,Denver,Denver Botanic Gardens. 909 York Street. Lilac Garden; GLLGEAST.,39.732207,-104.961468,WGS84,,,1643,managed garden,,,,,,,,,123456349,,DenverBotanicGardens_YorkSt_Permit_2023,2024_Calba_PGSIP,
Public Gardens as Sentinels against Invasive Plants,Sarah Luper,Chrissy Alba,6/23/2023,SCL17,Rosa nutkana,Mike Kintgen,6/23/2023,y,Same Individual,,,,,,,,,,rare,Living collection accession number: 962265*1,1,Rock Alpine Garden; GRAGMS.,Denver Botanic Gardens,,United States of America,Colorado,Denver,Denver Botanic Gardens. 909 York Street. Rock Alpine Garden; GRAGMS.,39.732207,-104.961468,WGS84,,,1643,managed garden,,,,,,,,,123456341,,DenverBotanicGardens_YorkSt_Permit_2023,2024_Calba_PGSIP,
Public Gardens as Sentinels against Invasive Plants,Sarah Luper,Chrissy Alba,6/23/2023,SCL18,Rosa sp.,Mike Kintgen,6/23/2023,y,same individual,,,,,,,,,,rare,Living collection accession number: 232564*1,1,Rock Alpine Garden; GRAGNL.,Denver Botanic Gardens,,United States of America,Colorado,Denver,Denver Botanic Gardens. 909 York Street. Rock Alpine Garden; GRAGNL.,39.732207,-104.961468,WGS84,,,1643,managed garden,,,,,,,,,123456333,,DenverBotanicGardens_YorkSt_Permit_2023,2024_Calba_PGSIP,
Public Gardens as Sentinels against Invasive Plants,Sarah Luper,Chrissy Alba,6/23/2023,SCL19,Digitalis lantana,Mike Kintgen,6/23/2023,y,Same individual,,,,,,,,,,occasional,Living collection accession number: 232565*1,1,Rock Alpine Garden; GRAGCG.,Denver Botanic Gardens,,United States of America,Colorado,Denver,Denver Botanic Gardens. 909 York Street. Rock Alpine Garden; GRAGCG.,39.732207,-104.961468,WGS84,,,1643,managed garden,,,,,,,,,123456325,,DenverBotanicGardens_YorkSt_Permit_2023,2024_Calba_PGSIP,
Public Gardens as Sentinels against Invasive Plants,Sarah Luper,Chrissy Alba,6/23/2023,SCL20,Euonymus oxyphyllus,Mike Kintgen,6/23/2023,y,Same individual,,,,,,,,,,rare,Living collection accession number: 023464*1,1,Rock Alpine Garden; GRAGWG .,Denver Botanic Gardens,,United States of America,Colorado,Denver,Denver Botanic Gardens. 909 York Street. Rock Alpine Garden; GRAGWG.,39.732207,-104.961468,WGS84,,,1643,managed garden,,,,,,,,,123456317,,DenverBotanicGardens_YorkSt_Permit_2023,2024_Calba_PGSIP,
Public Gardens as Sentinels against Invasive Plants,Sarah Luper,Chrissy Alba,6/23/2023,SCL21,Tanacetum cf. parthenium,Mike Kintgen,6/23/2023,y,Same individual,,,,,,,,,,rare,Living collection accession number: 232566*1,1,Sensory Garden; GSEN.,Denver Botanic Gardens,,United States of America,Colorado,Denver,Denver Botanic Gardens. 909 York Street. Sensory Garden; GSEN.,39.732207,-104.961468,WGS84,,,1643,managed garden,,,,,,,,,123456309,,DenverBotanicGardens_YorkSt_Permit_2023,2024_Calba_PGSIP,
Public Gardens as Sentinels against Invasive Plants,Sarah Luper,Mike Kintgen,6/29/2023,SCL22,Rosa cf.obtusafolia,Mike Kintgen,6/29/2023,y,Same individual,,,,,,,,,,rare,,1,Shady Lane; GSHL.,Denver Botanic Gardens,,United States of America,Colorado,Denver,Denver Botanic Gardens. 909 York Street. Shady Lane; GSHL.,39.732207,-104.961468,WGS84,,,1643,managed garden,,,,,,,,,123456301,,DenverBotanicGardens_YorkSt_Permit_2023,2024_Calba_PGSIP,
Public Gardens as Sentinels against Invasive Plants,Jennifer Toews,,7/17/2023,JMT57,Allium senescens,Mike Kintgen,7/13/2023,y ,Same Individual,,,,,,,,,,frequent,Living collection accession number: 232579*1,1,Water Smart Garden; GWSM  .,Denver Botanic Gardens,,United States of America,Colorado,Denver,Denver Botanic Gardens. 909 York Street. Water Smart Garden; GWSM.,39.732207,-104.961468,WGS84,,,1643,managed garden,,,,,,,,,123456293,,DenverBotanicGardens_YorkSt_Permit_2023,2024_Calba_PGSIP,
Public Gardens as Sentinels against Invasive Plants,Jennifer Toews,,7/17/2023,JMT58,Alyssum markgrafii (Odontarrhena chalcidica),Mike Kintgen,7/13/2023,y ,Same Individual,,,,,,,,,,rare,Living collection accession number: 232580*1,1,Rock Alpine Garden; GRAGSLC.,Denver Botanic Gardens,,United States of America,Colorado,Denver,Denver Botanic Gardens. 909 York Street. Rock Alpine Garden; GRAGSLC.,39.732207,-104.961468,WGS84,,,1643,managed garden,,,,,,,,,123456285,,DenverBotanicGardens_YorkSt_Permit_2023,2024_Calba_PGSIP,
Public Gardens as Sentinels against Invasive Plants,Jennifer Toews,,7/17/2023,JMT59,Ipomoea purpurea,Mike Kintgen,7/13/2023,y ,Same Individual,,,,,,,,,,frequent,Living collection accession number: 062302*1,1,Rock Alpine Garden; GRAGMS.,Denver Botanic Gardens,,United States of America,Colorado,Denver,Denver Botanic Gardens. 909 York Street. Rock Alpine Garden; GRAGMS.,39.732207,-104.961468,WGS84,,,1643,managed garden,,,,,,,,,123456277,,DenverBotanicGardens_YorkSt_Permit_2023,2024_Calba_PGSIP,
Public Gardens as Sentinels against Invasive Plants,Jennifer Toews,,7/17/2023,JMT60,Lamium album,Mike Kintgen,7/13/2023,y ,Same Individual,,,,,,,,,,common,Living collection accession number: 981031*1,1,Rock Alpine Garden; GRAGSS.,Denver Botanic Gardens,,United States of America,Colorado,Denver,Denver Botanic Gardens. 909 York Street. Rock Alpine Garden; GRAGSS.,39.732207,-104.961468,WGS84,,,1643,managed garden,,,,,,,,,123456269,,DenverBotanicGardens_YorkSt_Permit_2023,2024_Calba_PGSIP,
Public Gardens as Sentinels against Invasive Plants,Jennifer Toews,,7/17/2023,JMT61,Digitalis lanata x grandiflora,Mike Kintgen,7/13/2023,y ,Same Individual,,,,,,,,,,rare,Living collection accession number: 232582*1,1,Rock Alpine Garden; GRAGWS.,Denver Botanic Gardens,,United States of America,Colorado,Denver,Denver Botanic Gardens. 909 York Street. Rock Alpine Garden; GRAGWS.,39.732207,-104.961468,WGS84,,,1643,managed garden,,,,,,,,,123456261,,DenverBotanicGardens_YorkSt_Permit_2023,2024_Calba_PGSIP,
Public Gardens as Sentinels against Invasive Plants,Jennifer Toews,,7/17/2023,JMT62,Digitalis lanata x lutea,Mike Kintgen,7/13/2023,y ,Same Individual,,,,,,,,,,frequent,Living collection accession number: 232581*1,1,Rock Alpine Garden; GRAGCB.,Denver Botanic Gardens,,United States of America,Colorado,Denver,Denver Botanic Gardens. 909 York Street. Rock Alpine Garden; GRAGCB.,39.732207,-104.961468,WGS84,,,1643,managed garden,,,,,,,,,123456253,,DenverBotanicGardens_YorkSt_Permit_2023,2024_Calba_PGSIP,
Public Gardens as Sentinels against Invasive Plants,Jennifer Toews,,7/17/2023,JMT63,Centranthus ruber,Mike Kintgen,7/13/2023,y ,Same Individual,,,,,,,,,,rare,,1,Water Smart Garden; GWSMX5.,Denver Botanic Gardens,,United States of America,Colorado,Denver,Denver Botanic Gardens. 909 York Street. Water Smart Garden; GWSMX5.,39.732207,-104.961468,WGS84,,,1643,managed garden,,,,,,,,,123456245,,DenverBotanicGardens_YorkSt_Permit_2023,2024_Calba_PGSIP,
Public Gardens as Sentinels against Invasive Plants,Jennifer Toews,,8/2/2023,JMT117,Daucus carota 'Dara',Mike Kintgen,8/2/2023,y,Same Individual,,,,,,,,,,frequent,Living collection accession number: 221879*1-2,1,Annuals Garden; GAAS.,Denver Botanic Gardens,,United States of America,Colorado,Denver,Denver Botanic Gardens. 909 York Street. Annuals Garden; GAAS.,39.732207,-104.961468,WGS84,,,1643,managed garden,,,,,,,,,123456237,,DenverBotanicGardens_YorkSt_Permit_2023,2024_Calba_PGSIP,
Public Gardens as Sentinels against Invasive Plants,Seth Polich,Mike Kintgen,5/30/2024,SJP1,Melica nutans,Mike Kintgen,5/30/2024,n,,,,perennial,,,cream,,,flower,frequent,Living collection accession number: 24155*7,1,Steppe Garden; GSTPPA.,Denver Botanic Gardens,,United States of America,Colorado,Denver,Denver Botanic Gardens. 909 York Street. Steppe Garden; GSTPPA.,39.732207,-104.961468,WGS84,,,1643,managed garden,,,,,,,,,123456229,,DenverBotanicGardens_YorkSt_Permit_2024,2024_Calba_PGSIP,
Public Gardens as Sentinels against Invasive Plants,Seth Polich,Mike Kintgen,6/6/2024,SJP10,Iris pseudacorus,Mike Kintgen,6/6/2024,y,Same Individual,,,perennial,,,yellow,101.6,,flower,occasional,,1,Rock Alpine Garden; GRAGIMG.,Denver Botanic Gardens,,United States of America,Colorado,Denver,Denver Botanic Gardens. 909 York Street. Rock Alpine Garden; GRAGIMG.,39.732207,-104.961468,WGS84,,,1643,managed garden,,,,,,,,,123456221,,DenverBotanicGardens_YorkSt_Permit_2024,2024_Calba_PGSIP,
Public Gardens as Sentinels against Invasive Plants,Seth Polich,Jen Toews,6/6/2024,SJP2,Brunnera macrophylla,Jen Toews,6/6/2024,y,Same Individual,,,perennial,,,blue,48,,flower,rare,,1,Plant Select (NE bed),Denver Botanic Gardens,,United States of America,Colorado,Denver,Denver Botanic Gardens. 909 York Street. Plant Select (NE bed).,39.732207,-104.961468,WGS84,,,1643,managed garden,,,,,,,,,123456213,,DenverBotanicGardens_YorkSt_Permit_2024,2024_Calba_PGSIP,
Public Gardens as Sentinels against Invasive Plants,Seth Polich,Jen Toews,6/6/2024,SJP3,Galium odoratum,Jen Toews,6/6/2024,y,Same Individual,,,perennial,,,white,22,,flower and fruit,abundant,,1,Victorian Secret Garden; GVIC.,Denver Botanic Gardens,,United States of America,Colorado,Denver,Denver Botanic Gardens. 909 York Street. Victorian Secret Garden; GVIC.,39.732207,-104.961468,WGS84,,,1643,managed garden,,,,,,,,,123456205,,DenverBotanicGardens_YorkSt_Permit_2024,2024_Calba_PGSIP,
Public Gardens as Sentinels against Invasive Plants,Seth Polich,Jen Toews,6/6/2024,SJP4,Geranium pratense,Jen Toews,6/6/2024,y,Same Individual,,,perenniial,,,lavender,33,,flower,rare,,1,Rock Alpine Garden; GRAGGM.,Denver Botanic Gardens,,United States of America,Colorado,Denver,Denver Botanic Gardens. 909 York Street. Rock Alpine Garden; GRAGGM.,39.732207,-104.961468,WGS84,,,1643,managed garden,,,,,,,,,123456197,,DenverBotanicGardens_YorkSt_Permit_2024,2024_Calba_PGSIP,
Public Gardens as Sentinels against Invasive Plants,Seth Polich,Jen Toews; Mike Kintgen,6/6/2024,SJP5,Bromus tectorum,Mike Kintgen,6/6/2024,y,Same Individual,,,annual,,,green,48,,flower,Occasional,Noxious weed,1,Rock Alpine Garden; GRAGLM.,Denver Botanic Gardens,,United States of America,Colorado,Denver,Denver Botanic Gardens. 909 York Street. Rock Alpine Garden; GRAGLM.,39.732207,-104.961468,WGS84,,,1643,managed garden,,,,,,,,,123456189,,DenverBotanicGardens_YorkSt_Permit_2024,2024_Calba_PGSIP,
Public Gardens as Sentinels against Invasive Plants,Seth Polich,Mike Kintgen,6/6/2024,SJP6,Campanula sibirica,Mike Kintgen,6/6/2024,y,Same Individual,,,perennial,,,purple,63,,flower,Occasional,,1,Rock Alpine Garden; GRAGSM.,Denver Botanic Gardens,,United States of America,Colorado,Denver,Denver Botanic Gardens. 909 York Street. Rock Alpine Garden; GRAGSM.,39.732207,-104.961468,WGS84,,,1643,managed garden,,,,,,,,,123456181,,DenverBotanicGardens_YorkSt_Permit_2024,2024_Calba_PGSIP,
Public Gardens as Sentinels against Invasive Plants,Seth Polich,Mike Kintgen,6/6/2024,SJP7,Cephalaria gigantea,Mike Kintgen,6/6/2024,y,Same Individual,,,perennial,,,cream,178,,flower,frequent,,1,Rock Alpine Garden; GRAGSW.,Denver Botanic Gardens,,United States of America,Colorado,Denver,Denver Botanic Gardens. 909 York Street. Rock Alpine Garden; GRAGSW.,39.732207,-104.961468,WGS84,,,1643,managed garden,,,,,,,,,123456173,,DenverBotanicGardens_YorkSt_Permit_2024,2024_Calba_PGSIP,
Public Gardens as Sentinels against Invasive Plants,Seth Polich,Mike Kintgen,6/6/2024,SJP8,Seseli libanotis,Mike Kintgen,6/6/2024,y,Same Individual,,,perennial,,,cream,103,,flower,rare,,1,Rock Alpine Garden; GRAGMM.,Denver Botanic Gardens,,United States of America,Colorado,Denver,Denver Botanic Gardens. 909 York Street. Rock Alpine Garden; GRAGMM.,39.732207,-104.961468,WGS84,,,1643,managed garden,,,,,,,,,123456165,,DenverBotanicGardens_YorkSt_Permit_2024,2024_Calba_PGSIP,
Public Gardens as Sentinels against Invasive Plants,Seth Polich,Mike Kintgen,6/6/2024,SJP9,Euphorbia oblongata,Mike Kintgen,6/6/2024,y,Same Individual,,,perennial,,,yellow,44,,flower,rare,,1,Rock Alpine Garden; GRAGUM.,Denver Botanic Gardens,,United States of America,Colorado,Denver,Denver Botanic Gardens. 909 York Street. Rock Alpine Garden; GRAGUM.,39.732207,-104.961468,WGS84,,,1643,managed garden,,,,,,,,,123456157,,DenverBotanicGardens_YorkSt_Permit_2024,2024_Calba_PGSIP,
Public Gardens as Sentinels against Invasive Plants,Seth Polich,Jen Toews; Mike Kintgen,6/10/2024,SJP11,Glaucium corniculatum,Mike Kintgen,6/10/2024,y,Same Individual,,,perennial,,,orange,43.2,,flower and fruit,frequent,,1,Rock Alpine Garden; GRAGSL.,Denver Botanic Gardens,,United States of America,Colorado,Denver,Denver Botanic Gardens. 909 York Street. Rock Alpine Garden; GRAGSL.,39.732207,-104.961468,WGS84,,,1643,managed garden,,,,,,,,,123456149,,DenverBotanicGardens_YorkSt_Permit_2024,2024_Calba_PGSIP,
Public Gardens as Sentinels against Invasive Plants,Seth Polich,Jen Toews; Mike Kintgen,6/10/2024,SJP12,Melica altissima var. atropurpurea,Mike Kintgen,6/10/2024,y,Same Individual,,,perennial,,,purple,86.4,,flower,not documented,,1,Rock Alpine Garden; GRAGSL.,Denver Botanic Gardens,,United States of America,Colorado,Denver,Denver Botanic Gardens. 909 York Street. Rock Alpine Garden; GRAGSL.,39.732207,-104.961468,WGS84,,,1643,managed garden,,,,,,,,,123456141,,DenverBotanicGardens_YorkSt_Permit_2024,2024_Calba_PGSIP,
Public Gardens as Sentinels against Invasive Plants,Seth Polich,Jen Toews; Mike Kintgen,6/11/2024,SJP13,Teucrium botrys,Mike Kintgen,6/11/2024,y,Same Individual,,,annual,,,lavender,20,,flower,frequent,,1,Rock Alpine Garden; GRAGSL.,Denver Botanic Gardens,,United States of America,Colorado,Denver,Denver Botanic Gardens. 909 York Street. Rock Alpine Garden; GRAGSL.,39.732207,-104.961468,WGS84,,,1643,managed garden,,,,,,,,,123456133,,DenverBotanicGardens_YorkSt_Permit_2024,2024_Calba_PGSIP,
Public Gardens as Sentinels against Invasive Plants,Seth Polich,Christina Alba,6/14/2024,SJP14,Hesperis matronalis,Christina Alba,6/14/2024,y,Same Individual,,,biennial,,,purple,,,flower,occasional,,,Chatfield,United States Army Corps of Engineers,,United States of America,Colorado,Denver,Denver Botanic Gardens Chatfield Farms.,39.548907,-105.096284,WGS84,,,1680,Semi-managed area along creek,,,,,,,,,123456125,,,2024_Calba_PGSIP,
Public Gardens as Sentinels against Invasive Plants,Seth Polich,Christina Alba,6/14/2024,SJP15,Achillea millifolium,Christina Alba,6/14/2024,y,Same Individual,,,perennial,,,white,,,flower,rare,,,Chatfield,United States Army Corps of Engineers,,United States of America,Colorado,Denver,Denver Botanic Gardens Chatfield Farms.,39.54859,-105.09605,WGS84,,,1680,Semi-managed area along creek,,,,,,,,,123456117,,,2024_Calba_PGSIP,
Public Gardens as Sentinels against Invasive Plants,Seth Polich,Christina Alba,6/14/2024,SJP16,Saponaria officinalis,Christina Alba,6/14/2024,y,Same Individual,,,perennial,,,white,,,flower,frequent,,,Chatfield,United States Army Corps of Engineers,,United States of America,Colorado,Denver,Denver Botanic Gardens Chatfield Farms.,39.548963, -105.096202,WGS84,,,1680,Semi-managed area along creek,,,,,,,,,123456109,,,2024_Calba_PGSIP,
Public Gardens as Sentinels against Invasive Plants,Seth Polich,Mike Kintgen,6/17/2024,SJP17,Consolida ajacis,Mike Kintgen,6/17/2024,y,Same Individual,,,annual,,,purple,61,,flower,occasional,,1,Rock Alpine Garden; GRAGSL.,Denver Botanic Gardens,,United States of America,Colorado,Denver,Denver Botanic Gardens. 909 York Street. Rock Alpine Garden; GRAGSL.,39.732207,-104.961468,WGS84,,,1643,managed garden,,,,,,,,,123456101,,DenverBotanicGardens_YorkSt_Permit_2024,2024_Calba_PGSIP,
Public Gardens as Sentinels against Invasive Plants,Seth Polich,Mike Kintgen,6/17/2024,SJP18,Lotus corniculatus,Mike Kintgen,6/17/2024,y,Same Individual,,,perennial,,,yellow/orange,38.7,,flower,frequent,,1,Mordecai Children's Garden; GMCGGRASS1.,Denver Botanic Gardens,,United States of America,Colorado,Denver,Denver Botanic Gardens. 909 York Street. Mordecai Children's Garden; GMCGGRASS1.,39.732207,-104.961468,WGS84,,,1643,managed garden,,,,,,,,,123456093,,DenverBotanicGardens_YorkSt_Permit_2024,2024_Calba_PGSIP,
Public Gardens as Sentinels against Invasive Plants,Seth Polich,Christina Alba,6/24/2024,SJP19,Saccharum ravennae,Christina Alba,6/24/2024,y,Same Individual,"Tripidium ravennae, Erianthus ravennae",,perennial,,,lavender,20,,vegetative,frequent,,,High Line Canal,Denver Water,,United States of America,Colorado,Aurora,High Line Canal across from Aurora Fire Rescue Station 8. High Line Canal.,39.710748,-104.808911,WGS84,,,1874,Disturbed roadside by riparian corridor,,,,,,,,,123456085,,,2024_Calba_PGSIP,
Public Gardens as Sentinels against Invasive Plants,Jen Toews,,,,Galinsoga sp.,Jen Toews,,,,,,,,,,,,,,Living collection accession number: 221628*1,1,Steppe Garden   ,Denver Botanic Gardens,,United States of America,Colorado,Denver,Denver Botanic Gardens. 909 York Street. Steppe Garden .,39.732207,-104.961468,WGS84,,,1643,managed garden,,,,,,,,,123456077,,DenverBotanicGardens_YorkSt_Permit_2024,2024_Calba_PGSIP,
